{
    "cities": {
        "Ahmedabad": [
            23.0225,
            72.5714
        ],
        "Surat": [
            21.1702,
            72.8311
        ],
        "Vadodara": [
            22.3072,
            73.1812
        ],
        "Rajkot": [
            22.3039,
            70.8022
        ],
        "Bhavnagar": [
            21.7645,
            72.1519
        ],
        "Jamnagar": [
            22.4707,
            70.0577
        ],
        "Mumbai": [
            19.076,
            72.8777
        ],
        "Pune": [
            18.5204,
            73.8567
        ],
        "Nagpur": [
            21.1458,
            79.0882
        ],
        "Bengaluru": [
            12.9716,
            77.5946
        ],
        "Mysore": [
            12.2958,
            76.6394
        ],
        "Hubli": [
            15.3647,
            75.124
        ],
        "Delhi": [
            28.7041,
            77.1025
        ],
        "Chennai": [
            13.0827,
            80.2707
        ],
        "Hyderabad": [
            17.385,
            78.4867
        ],
        "Kolkata": [
            22.5726,
            88.3639
        ],
        "Diu": [
            20.4283,
            72.8397
        ],
        "Vapi": [
            20.3735482,
            72.9084376
        ],
        "Thane": [
            19.1943294,
            72.9701779
        ],
        "Vijayawada": [
            16.5087573,
            80.6185089
        ],
        "Jaipur": [
            26.9154576,
            75.8189817
        ],
        "Kanpur": [
            26.4609135,
            80.3217588
        ],
        "Junagadh": [
            21.5174104,
            70.4642754
        ],
        "Satara": [
            17.688321,
            74.0041726
        ],
        "Belgavi": [
            15.8615949,
            74.52023792726727
        ],
        "belagavi": [
            15.8572666,
            74.5069343
        ],
        "kolar": [
            13.1367201,
            78.1337246
        ]
    }
}